raha_exercise_id,fixture_reference,original_path,delivery_file,routine_position,duration_seconds
raha_ex_000101,free50_mobility_001,originals/videos/upper_body/Shoulder Blade Elevation and Depression.mp4,raha_ex_000101_free50_fixture_v1_1080.mp4,1,30
raha_ex_000102,free50_mobility_002,originals/videos/upper_body/Cross-body Shoulder Stretch.mp4,raha_ex_000102_free50_fixture_v1_1080.mp4,2,30
raha_ex_000103,free50_mobility_003,originals/videos/spine_back/Standing Reach and Back Rotatio.mp4,raha_ex_000103_free50_fixture_v1_1080.mp4,3,30
raha_ex_000104,free50_mobility_004,originals/videos/spine_back/Standing Side Stretch.mp4,raha_ex_000104_free50_fixture_v1_1080.mp4,4,30
raha_ex_000105,free50_mobility_005,originals/videos/hips_pelvis/Hip Circles.mp4,raha_ex_000105_free50_fixture_v1_1080.mp4,5,30
raha_ex_000106,free50_mobility_006,originals/videos/hips_pelvis/Standing Pelvic Tilt.mp4,raha_ex_000106_free50_fixture_v1_1080.mp4,6,30
raha_ex_000107,free50_mobility_007,originals/videos/legs_knees/Standing Hamstring and Back Stretch.mp4,raha_ex_000107_free50_fixture_v1_1080.mp4,7,30
raha_ex_000108,free50_mobility_008,originals/videos/hips_pelvis/Kneeling Hip Flexor Stretch.mp4,raha_ex_000108_free50_fixture_v1_1080.mp4,8,30
raha_ex_000109,free50_mobility_009,originals/videos/spine_back/Seated Cat-Cow Stretch.mp4,raha_ex_000109_free50_fixture_v1_1080.mp4,9,30
raha_ex_000110,free50_mobility_010,originals/videos/hips_pelvis/Supine Windshield Wipers.mp4,raha_ex_000110_free50_fixture_v1_1080.mp4,10,30
