category,original_filename,width,height,duration_ms,sha256
upper_body,Chest and Front Shoulder Stretch.mp4,1080,1080,8173,836a90c8a97978080e712b9e9323f4dcca6da8fc890d5d0ad06280bc349c3054
upper_body,Cross-body Shoulder Stretch.mp4,1080,1080,5480,cc6a9c8d00264497cb69bc5ba80f904e47a9ccd5aab23baae6a4cf9a878a510f
upper_body,External Shoulder Rotation Stretc.mp4,1080,1080,6548,91c621823dde102dc10f88a57ee241825c9c64836859315215e3aacfa57ca8e2
upper_body,Kneeling Lat Stretch.mp4,1080,1080,5712,59946a868d24acea5129f49a3258880dce618b8a90f2f6dd2b536ab967a42c6e
upper_body,Seated Rhomboid Stretch.mp4,1080,1080,6734,61278e6ca7f618638752036ac43f1f4680a86e7167eea0d4c29c9ec1ec79ecce
upper_body,Shoulder Blade Elevation and Depression.mp4,1080,1080,1811,0e146ee8d59fbd30dbf335f2f21172d6e39906576139167d6ba1ede0180908c9
upper_body,Shoulder Flexion Against Wal.mp4,1080,1080,6246,9ff30823cb7ea1189df02378bc16e26d4f151dd8437874b73df6d9320d16265e
spine_back,Cat Stretch.mp4,1080,1080,9543,6b34987591120f21f2b69833e0281e293dc75e8587ada90cc124dc1958208d8a
spine_back,Lying Knee Roll-over Stretch.mp4,1080,1080,7082,df59c54bef41e95b88c3563345ebcde1582c3469c83db64556d074cd23105c22
spine_back,Open Book Stretc.mp4,1080,1080,6223,14fa8529d707fad2996ebd605c7f340d45f97ca5d671cc419e21e6e5f17a5034
spine_back,Seated Cat-Cow Stretch.mp4,1080,1080,2809,33e06e288881e7d74663bfbd269523077b25e89426a1ed759173100d999be7a0
spine_back,Seated Lower Back Stretc.mp4,1080,1080,5201,88013e782dc8a5238ff08394c8c4437612f09bb35f5999d9399818516bb9cc53
spine_back,Seated Rotation Stretch.mp4,1080,1080,4086,3af2229f88a752213bdbac4a64247952f2e71858e4c01a6bea9441209052643b
spine_back,Standing Reach and Back Rotatio.mp4,1080,1080,4667,c10a58cb151f5a5ff78e0ccbd30395ecfbbf6cd6aa66822b6b665284ea3c84f1
spine_back,Standing Side Stretch.mp4,1080,1080,4342,c210d9eca171243063705b5a8e3e28cdcfe034069a4b1ca760ac22bcd358fdfe
spine_back,Supine Spinal Twis.mp4,1080,1080,5085,b15b4ea2bb75d97eb3f8a02a2de237dca7403d72518e3759307c2178e6fdede7
hips_pelvis,Hip Circles.mp4,1080,1080,11772,59339ad55ac4e037e4f1987b86c1ee84e8f237a3397fb62c5161a555b953f9b6
hips_pelvis,Kneeling Hip Flexor Stretch.mp4,1080,1080,3274,4984907e62eaeca167c41585fa583fdd720fbaece057883c6261f7069a17730e
hips_pelvis,Seated Glute Stretch.mp4,1080,1080,3552,a59b84b0f09fba58077632fc1553258833dc0b591ba98dcb824e85730c8d8481
hips_pelvis,Seated Wide-leg Adductor Stretc.mp4,1080,1080,4017,cecd3a3f65352e1e93154c406c07d7f4f0e5fd05d916d3e8cc8105fc59d1e252
hips_pelvis,Standing Pelvic Tilt.mp4,1080,1080,9079,2012b9ffe5c5c63beae65025686889bc962d38a6e8b33d15c3864df3dbe462d3
hips_pelvis,Supine Windshield Wipers.mp4,1080,1080,4342,f8530ebad427d89fd8b2f368522a67c83a4749add1aa1fa319adc7a0f880464f
legs_knees,Knee Extension Mobility.mp4,1080,1080,8243,071e47ec9cb04684c158f90c7972a32c4fff3d682dfae08ba774a10b0a1f9b51
legs_knees,Knee Flexion Mobility.mp4,1080,1080,4156,ddccdcbec89f3acadb8ee4cf82e022840778655164a2a465ffddef7325f973c4
legs_knees,Seated Single-leg Hamstring Stretch.mp4,1080,1080,5155,0cc245b283d5813197a47fc01596784d67aa70c097af7297c1968935bf7e51e6
legs_knees,Side-lying Quadriceps Stretch.mp4,1080,1080,5805,58267f0fb6d89f0381f1838861ab41e0458e4920bfd5b6175671be370b060c30
legs_knees,Standing Hamstring and Back Stretch.mp4,1080,1080,11076,ff3cddd7db8c512294e8d0e96ce5e053dce4a52a14d706fa7de5ff24cca0f0a7
legs_knees,Wall Calf Stretch.mp4,1080,1080,5015,d1e3126d6a0034b7f56b5a45b375763db49133a0d3df005b5b231eebc5b526de
